GROUP,PACKAGE,CLASS,INSTRUCTION_MISSED,INSTRUCTION_COVERED,BRANCH_MISSED,BRANCH_COVERED,LINE_MISSED,LINE_COVERED,COMPLEXITY_MISSED,COMPLEXITY_COVERED,METHOD_MISSED,METHOD_COVERED
Saffron,io.spicelabs.saffron.filesystem.squashfs,SquashfsMetadataTable,12,358,8,30,3,68,8,16,0,5
Saffron,io.spicelabs.saffron.filesystem.squashfs,SquashfsMetadataTable.Block,0,15,0,0,0,1,0,1,0,1
Saffron,io.spicelabs.saffron.filesystem.squashfs,SquashfsCompressor.NoneCompressor,11,11,1,1,3,3,1,2,0,2
Saffron,io.spicelabs.saffron.filesystem.squashfs,SquashfsInode.SymlinkInode,0,16,0,0,0,4,0,1,0,1
Saffron,io.spicelabs.saffron.filesystem.squashfs,SquashfsSuperblock,64,326,36,36,19,44,36,11,5,3
Saffron,io.spicelabs.saffron.filesystem.squashfs,SquashfsInode,56,24,20,0,4,9,14,1,4,1
Saffron,io.spicelabs.saffron.filesystem.squashfs,SquashfsFileSystemImpl.SquashfsDirectory,61,117,2,10,12,20,7,9,5,5
Saffron,io.spicelabs.saffron.filesystem.squashfs,SquashfsMetadataTable.LazyTableStream,11,157,6,12,4,28,6,7,0,4
Saffron,io.spicelabs.saffron.filesystem.squashfs,SquashfsFileSystemImpl.SquashfsRegularFile,62,52,1,1,10,12,5,6,4,6
Saffron,io.spicelabs.saffron.filesystem.squashfs,SquashfsFileSystemImpl.SquashfsSymbolicLink,146,15,12,0,29,5,16,1,10,1
Saffron,io.spicelabs.saffron.filesystem.squashfs,SquashfsCompressor.Lz4Compressor,0,38,0,2,0,9,0,3,0,2
Saffron,io.spicelabs.saffron.filesystem.squashfs,SquashfsCompressor.XzCompressor,0,23,0,0,0,4,0,2,0,2
Saffron,io.spicelabs.saffron.filesystem.squashfs,SquashfsFileSystemImpl.DirectoryEntry,0,15,0,0,0,1,0,1,0,1
Saffron,io.spicelabs.saffron.filesystem.squashfs,SquashfsCompressor.LzmaCompressor,23,0,0,0,4,0,2,0,2,0
Saffron,io.spicelabs.saffron.filesystem.squashfs,SquashfsCompressor.ZstdCompressor,7,34,1,3,1,9,1,3,0,2
Saffron,io.spicelabs.saffron.filesystem.squashfs,SquashfsMetadataTable.new LinkedHashMap() {...},0,17,0,2,0,2,0,3,0,2
Saffron,io.spicelabs.saffron.filesystem.squashfs,SquashfsCompressor,10,27,2,6,2,7,2,6,0,1
Saffron,io.spicelabs.saffron.filesystem.squashfs,SquashfsFileSystemImpl.MetadataBlock,0,9,0,0,0,1,0,1,0,1
Saffron,io.spicelabs.saffron.filesystem.squashfs,SquashfsInode.DirectoryInode,0,25,0,0,0,7,0,1,0,1
Saffron,io.spicelabs.saffron.filesystem.squashfs,SquashfsCompressor.LzoCompressor,6,43,1,3,1,10,1,3,0,2
Saffron,io.spicelabs.saffron.filesystem.squashfs,SquashfsInode.FileInode,0,39,0,2,0,10,0,3,0,2
Saffron,io.spicelabs.saffron.filesystem.squashfs,SquashfsCompressor.GzipCompressor,0,26,0,0,0,4,0,2,0,2
Saffron,io.spicelabs.saffron.filesystem.squashfs,SquashfsFileSystemImpl,610,1120,90,79,120,213,87,51,19,26
Saffron,io.spicelabs.saffron.filesystem.squashfs,SquashfsInode.SpecialInode,0,16,0,0,0,4,0,1,0,1
Saffron,io.spicelabs.saffron.filesystem.squashfs,SquashfsFileSystemImpl.SquashfsFragmentEntry,0,9,0,0,0,1,0,1,0,1
Saffron,io.spicelabs.saffron.filesystem.squashfs,SquashfsFileSystemImpl.SquashfsInputStream,111,409,30,44,22,81,28,17,1,7
Saffron,io.spicelabs.saffron.filesystem.squashfs,SquashfsFileSystemImpl.SquashfsSpecialFile,141,15,16,0,19,5,18,1,10,1
Saffron,io.spicelabs.saffron.fs,FileSystem.NtfsFileSystem,5,2,0,0,1,1,1,1,1,1
Saffron,io.spicelabs.saffron.fs,FileSystem.Ext4FileSystem,0,2,0,0,0,1,0,1,0,1
Saffron,io.spicelabs.saffron.fs,FileSystemMount.MountAllResult,0,25,0,0,0,5,0,2,0,2
Saffron,io.spicelabs.saffron.fs,FileSystem.Fat32FileSystem.FatFileCounts,0,12,0,0,0,1,0,1,0,1
Saffron,io.spicelabs.saffron.fs,FileSystemEntry.PosixPermissions,38,88,15,9,3,10,15,10,3,10
Saffron,io.spicelabs.saffron.fs,FileSystemMount.LvmFilesystemLocation,0,24,0,0,0,5,0,1,0,1
Saffron,io.spicelabs.saffron.fs,FileSystemMount.FilesystemLocation,0,20,0,0,0,4,0,1,0,1
Saffron,io.spicelabs.saffron.fs,FileSystemMount.DetectedFilesystemInfo,0,12,0,0,0,1,0,1,0,1
Saffron,io.spicelabs.saffron.fs,FileSystem.Jffs2FileSystem,2,0,0,0,1,0,1,0,1,0
Saffron,io.spicelabs.saffron.fs,FileSystem.SquashfsFileSystem,2,0,0,0,1,0,1,0,1,0
Saffron,io.spicelabs.saffron.fs,FileSystem.FileSystemType,0,156,0,0,0,24,0,4,0,4
Saffron,io.spicelabs.saffron.fs,FileSystemEntry.EntryType,0,51,0,0,0,9,0,1,0,1
Saffron,io.spicelabs.saffron.fs,FileSystemEntry.RegularFile,0,2,0,0,0,1,0,1,0,1
Saffron,io.spicelabs.saffron.fs,FileSystem.HfsPlusFileSystem,0,2,0,0,0,1,0,1,0,1
Saffron,io.spicelabs.saffron.fs,FileSystem.BinaryContainerFileSystem,0,2,0,0,0,1,0,1,0,1
Saffron,io.spicelabs.saffron.fs,FileSystem.BtrfsFileSystem,2,0,0,0,1,0,1,0,1,0
Saffron,io.spicelabs.saffron.fs,FileSystem.ApfsFileSystem,0,2,0,0,0,1,0,1,0,1
Saffron,io.spicelabs.saffron.fs,FileSystem.UbifsFileSystem,2,0,0,0,1,0,1,0,1,0
Saffron,io.spicelabs.saffron.fs,FileSystem.CramfsFileSystem,2,0,0,0,1,0,1,0,1,0
Saffron,io.spicelabs.saffron.fs,FileSystem.Fat32FileSystem,0,2,0,0,0,1,0,1,0,1
Saffron,io.spicelabs.saffron.fs,FileSystem.Yaffs2FileSystem,2,0,0,0,1,0,1,0,1,0
Saffron,io.spicelabs.saffron.fs,FileSystemMount,324,459,69,59,73,93,59,46,6,20
Saffron,io.spicelabs.saffron.fs,FileSystem.XfsFileSystem,0,2,0,0,0,1,0,1,0,1
Saffron,io.spicelabs.saffron.fs,FileSystem.ExFatFileSystem,0,2,0,0,0,1,0,1,0,1
Saffron,io.spicelabs.saffron.fs,FileSystemEntry.SymbolicLink,0,2,0,0,0,1,0,1,0,1
Saffron,io.spicelabs.saffron.fs,FileSystemEntry.BasicInfo,24,0,0,0,1,0,1,0,1,0
Saffron,io.spicelabs.saffron.fs,FileSystemEntry.Directory,0,2,0,0,0,1,0,1,0,1
Saffron,io.spicelabs.saffron.filesystem.apfs,ApfsBTreeReader.BTreeNode,0,27,0,0,0,1,0,1,0,1
Saffron,io.spicelabs.saffron.filesystem.apfs,ApfsBTreeReader,141,452,26,30,29,78,21,17,3,7
Saffron,io.spicelabs.saffron.filesystem.apfs,ApfsVolumeSuperblock,8,108,3,5,1,19,3,3,0,2
Saffron,io.spicelabs.saffron.filesystem.apfs,ApfsDecmpfs,486,0,71,0,105,0,45,0,8,0
Saffron,io.spicelabs.saffron.filesystem.apfs,ApfsFileSystemImpl,717,307,91,17,153,62,70,18,20,14
Saffron,io.spicelabs.saffron.filesystem.apfs,ApfsObjectHeader,29,51,4,0,5,8,7,2,5,2
Saffron,io.spicelabs.saffron.filesystem.apfs,ApfsInodeRecord,76,296,22,19,14,45,23,8,6,4
Saffron,io.spicelabs.saffron.filesystem.apfs,ApfsObjectMap,85,176,17,13,19,38,13,10,1,7
Saffron,io.spicelabs.saffron.filesystem.apfs,ApfsBTreeReader.KVEntry,0,9,0,0,0,1,0,1,0,1
Saffron,io.spicelabs.saffron.filesystem.apfs,ApfsFileSystemImpl.ApfsFile,273,0,24,0,52,0,24,0,12,0
Saffron,io.spicelabs.saffron.filesystem.apfs,ApfsDirectoryRecord,8,168,7,13,0,32,7,8,0,5
Saffron,io.spicelabs.saffron.filesystem.apfs,ApfsFileExtent,110,0,10,0,20,0,8,0,3,0
Saffron,io.spicelabs.saffron.filesystem.apfs,ApfsDecmpfs.DecmpfsHeader,9,0,0,0,1,0,1,0,1,0
Saffron,io.spicelabs.saffron.filesystem.apfs,ApfsXattr,225,0,30,0,40,0,21,0,6,0
Saffron,io.spicelabs.saffron.filesystem.apfs,ApfsFileSystemImpl.ApfsSymlink,117,18,12,0,22,6,15,2,9,2
Saffron,io.spicelabs.saffron.filesystem.apfs,ApfsFileSystemImpl.DirectoryIterator,17,0,0,0,5,0,3,0,3,0
Saffron,io.spicelabs.saffron.filesystem.apfs,ApfsContainerSuperblock,204,146,10,12,11,26,8,6,1,2
Saffron,io.spicelabs.saffron.filesystem.apfs,ApfsFileSystemImpl.ApfsDirectory,118,77,17,5,18,18,18,4,8,3
Saffron,io.spicelabs.saffron.container.compressed,CompressedSinglePayloadEntry,17,23,1,1,5,7,5,3,4,3
Saffron,io.spicelabs.saffron.container.compressed,CompressedSingleContainerFactory,44,373,16,22,17,92,15,18,0,14
Saffron,io.spicelabs.saffron.container.compressed,CompressedSingleContainer,33,116,4,4,7,29,7,9,3,9
Saffron,io.spicelabs.saffron.container.compressed,DecompressionBombException,0,26,0,0,0,5,0,2,0,2
Saffron,io.spicelabs.saffron.container.compressed,CompressedSingleFormat,19,270,7,38,3,41,8,24,1,8
Saffron,io.spicelabs.saffron.container.rpi,RpiFirmwareContainerFactory,17,135,5,26,6,28,5,16,0,5
Saffron,io.spicelabs.saffron.container.rpi,RpiFirmwareContainer.RpiFirmwareEntry,12,42,2,2,2,12,2,5,0,5
Saffron,io.spicelabs.saffron.container.rpi,RpiFirmwareContainer,120,204,17,14,31,46,18,13,6,9
Saffron,io.spicelabs.saffron.vhd.footer,VhdFooter,74,290,8,10,14,53,8,11,2,8
Saffron,io.spicelabs.saffron.vhd.footer,VhdFooter.DiskType,0,50,0,4,0,13,0,7,0,4
Saffron,io.spicelabs.saffron.gzip,GzipRawDiskImpl,227,0,4,0,62,0,20,0,18,0
Saffron,io.spicelabs.saffron.partition,PartitionTable,12,24,0,4,2,7,2,3,2,1
Saffron,io.spicelabs.saffron.partition,MbrPartition,58,74,23,14,25,17,25,18,2,7
Saffron,io.spicelabs.saffron.partition,Partition,4,14,0,0,2,2,2,2,2,2
Saffron,io.spicelabs.saffron.partition,MbrPartitionTable,41,308,15,27,11,63,12,16,1,6
Saffron,io.spicelabs.saffron.partition,PartitionTable.Type,0,15,0,0,0,3,0,1,0,1
Saffron,io.spicelabs.saffron.partition,GptPartition,19,246,7,3,2,46,6,7,1,7
Saffron,io.spicelabs.saffron.partition,GptPartitionTable,25,337,7,27,7,76,8,17,1,7
Saffron,io.spicelabs.saffron.filesystem.cramfs,CramfsSuperblock,26,380,11,46,6,72,11,27,0,9
Saffron,io.spicelabs.saffron.filesystem.cramfs,CramfsFileSystemImpl.CramfsSpecialFile,50,22,3,1,13,8,11,3,8,3
Saffron,io.spicelabs.saffron.filesystem.cramfs,CramfsFileSystemImpl.CramfsRegularFile,20,27,0,0,6,8,6,4,6,4
Saffron,io.spicelabs.saffron.filesystem.cramfs,CramfsFileSystemImpl.new InputStream() {...},40,208,6,10,9,37,6,5,1,2
Saffron,io.spicelabs.saffron.filesystem.cramfs,CramfsFileSystemImpl,284,731,51,62,59,133,46,42,8,22
Saffron,io.spicelabs.saffron.filesystem.cramfs,CramfsFileSystemImpl.CramfsSymlink,17,61,3,3,6,17,8,5,5,5
Saffron,io.spicelabs.saffron.filesystem.cramfs,CramfsFileSystemImpl.CramfsDirectory,17,202,7,15,9,40,12,10,5,6
Saffron,io.spicelabs.saffron.filesystem.cramfs,CramfsFileSystemImpl.Inode,0,26,0,0,0,2,0,2,0,2
Saffron,io.spicelabs.saffron.filesystem.ubifs,UbifsNode.Branch,18,0,0,0,1,0,1,0,1,0
Saffron,io.spicelabs.saffron.filesystem.ubifs,UbifsFileSystemImpl.UbifsDirectory,15,133,2,10,7,22,7,9,5,5
Saffron,io.spicelabs.saffron.filesystem.ubifs,UbifsFileSystemImpl.Scan,0,23,0,0,0,5,0,1,0,1
Saffron,io.spicelabs.saffron.filesystem.ubifs,UbifsFileSystemImpl.DataNode,0,18,0,0,0,1,0,1,0,1
Saffron,io.spicelabs.saffron.filesystem.ubifs,UbifsNode.Superblock,0,27,0,0,0,1,0,1,0,1
Saffron,io.spicelabs.saffron.filesystem.ubifs,UbifsFileSystemImpl.UbifsRegularFile,22,32,0,0,6,9,6,4,6,4
Saffron,io.spicelabs.saffron.filesystem.ubifs,UbifsNode,57,119,8,8,11,19,9,4,2,3
Saffron,io.spicelabs.saffron.filesystem.ubifs,UbifsFileSystemImpl.Inode,0,24,0,0,0,1,0,1,0,1
Saffron,io.spicelabs.saffron.filesystem.ubifs,UbifsSuperblock,11,149,11,13,4,30,10,6,0,4
Saffron,io.spicelabs.saffron.filesystem.ubifs,UbifsNode.Master,0,21,0,0,0,1,0,1,0,1
Saffron,io.spicelabs.saffron.filesystem.ubifs,UbifsFileSystemImpl.new InputStream() {...},60,239,9,15,10,38,9,6,1,2
Saffron,io.spicelabs.saffron.filesystem.ubifs,UbifsFileSystemImpl.UbifsSymlink,60,40,9,1,18,12,11,4,6,4
Saffron,io.spicelabs.saffron.filesystem.ubifs,UbifsFileSystemImpl.UbifsSpecialFile,48,0,4,0,19,0,14,0,11,0
Saffron,io.spicelabs.saffron.filesystem.ubifs,UbifsFileSystemImpl.Dent,0,15,0,0,0,1,0,1,0,1
Saffron,io.spicelabs.saffron.filesystem.ubifs,UbifsNode.Header,0,12,0,0,0,1,0,1,0,1
Saffron,io.spicelabs.saffron.filesystem.ubifs,UbifsFileSystemImpl,694,1183,106,93,139,214,91,52,8,28
Saffron,io.spicelabs.saffron.filesystem.ubi,UbiNode.VidHdr,26,136,9,9,5,17,9,2,0,2
Saffron,io.spicelabs.saffron.filesystem.ubi,UbiNode.VtblRecord,15,111,5,9,3,16,5,4,0,2
Saffron,io.spicelabs.saffron.filesystem.ubi,UbiSuperblock.UbiVolume,0,21,0,0,0,1,0,1,0,1
Saffron,io.spicelabs.saffron.filesystem.ubi,UbiNode,0,29,0,0,0,7,0,2,0,2
Saffron,io.spicelabs.saffron.filesystem.ubi,UbiSuperblock,26,607,23,57,8,113,24,30,2,12
Saffron,io.spicelabs.saffron.filesystem.ubi,UbiVolumeRegion,21,131,5,7,6,26,6,5,1,4
Saffron,io.spicelabs.saffron.filesystem.ubi,UbiNode.EcHdr,6,106,4,12,3,17,4,6,0,2
Saffron,io.spicelabs.saffron.filesystem.ext4,Ext4Extent.Index,0,55,0,0,0,8,0,2,0,2
Saffron,io.spicelabs.saffron.filesystem.ext4,Ext4FileSystemImpl.Ext4SymbolicLink,135,33,11,1,27,11,13,4,7,4
Saffron,io.spicelabs.saffron.filesystem.ext4,Ext4Extent.Header,1,84,1,3,0,11,1,5,0,4
Saffron,io.spicelabs.saffron.filesystem.ext4,Ext4FileSystemImpl.Ext4ExtentInputStream,64,211,5,17,10,42,5,9,1,2
Saffron,io.spicelabs.saffron.filesystem.ext4,Ext4DirectoryEntry,27,142,12,10,4,23,12,6,3,4
Saffron,io.spicelabs.saffron.filesystem.ext4,Ext4Superblock.FeatureName,0,3,0,0,0,1,0,1,0,1
Saffron,io.spicelabs.saffron.filesystem.ext4,Ext4Superblock,63,590,20,40,0,86,20,24,0,14
Saffron,io.spicelabs.saffron.filesystem.ext4,Ext4FileSystemImpl.Ext4RegularFile,82,72,2,4,15,15,7,6,5,5
Saffron,io.spicelabs.saffron.filesystem.ext4,Ext4FileSystemImpl.Ext4SpecialFile,146,12,16,0,29,5,18,1,10,1
Saffron,io.spicelabs.saffron.filesystem.ext4,Ext4FileSystemImpl.Ext4Directory,60,187,1,21,10,34,5,17,4,7
Saffron,io.spicelabs.saffron.filesystem.ext4,Ext4Extent,7,92,4,8,3,21,5,5,1,3
Saffron,io.spicelabs.saffron.filesystem.ext4,Ext4Inode,52,312,15,15,8,44,17,13,7,8
Saffron,io.spicelabs.saffron.filesystem.ext4,Ext4FileSystemImpl,241,1214,52,114,52,238,55,64,8,28
Saffron,io.spicelabs.saffron.filesystem.ext4,Ext4BlockGroupDescriptor,0,240,1,5,0,35,1,5,0,3
Saffron,io.spicelabs.saffron.filesystem.ext4,Ext4Extent.Leaf,0,83,0,2,0,11,0,3,0,2
Saffron,io.spicelabs.saffron.qcow2.header,Qcow2Header,214,369,33,21,31,72,28,16,4,13
Saffron,io.spicelabs.saffron.filesystem.hfsplus,HfsPlusFileSystemImpl.HfsPlusSymlink,140,0,10,0,30,0,16,0,11,0
Saffron,io.spicelabs.saffron.filesystem.hfsplus,HfsPlusBTreeReader,648,484,102,42,138,103,71,16,7,8
Saffron,io.spicelabs.saffron.filesystem.hfsplus,HfsPlusExtent,28,35,4,2,8,5,4,2,1,2
Saffron,io.spicelabs.saffron.filesystem.hfsplus,HfsPlusFileSystemImpl.HfsPlusDirectory,138,30,18,0,22,8,17,3,8,3
Saffron,io.spicelabs.saffron.filesystem.hfsplus,HfsPlusBTreeNode,36,171,12,10,5,23,12,7,2,6
Saffron,io.spicelabs.saffron.filesystem.hfsplus,HfsPlusCatalogRecord.FolderRecord,12,27,0,0,3,1,3,1,3,1
Saffron,io.spicelabs.saffron.filesystem.hfsplus,HfsPlusVolumeHeader,134,253,11,11,10,36,9,8,3,3
Saffron,io.spicelabs.saffron.filesystem.hfsplus,HfsPlusCatalogRecord.ThreadRecord,0,12,0,0,0,1,0,1,0,1
Saffron,io.spicelabs.saffron.filesystem.hfsplus,HfsPlusCatalogRecord.FileRecord,14,50,1,1,3,2,4,2,3,2
Saffron,io.spicelabs.saffron.filesystem.hfsplus,HfsPlusBTreeNode.HeaderRecord,1,107,1,1,0,14,1,2,0,2
Saffron,io.spicelabs.saffron.filesystem.hfsplus,HfsPlusFileSystemImpl,332,363,41,35,62,79,39,20,9,12
Saffron,io.spicelabs.saffron.filesystem.hfsplus,HfsPlusFileSystemImpl.HfsPlusFile,73,102,7,5,17,20,13,4,7,4
Saffron,io.spicelabs.saffron.filesystem.hfsplus,HfsPlusFileSystemImpl.DirectoryIterator,0,17,0,0,0,5,0,3,0,3
Saffron,io.spicelabs.saffron.filesystem.hfsplus,HfsPlusCatalogRecord,29,336,9,13,5,54,10,9,2,5
Saffron,io.spicelabs.saffron.vhdx.metadata,VhdxMetadata,86,362,19,23,15,89,15,11,0,5
Saffron,io.spicelabs.saffron.qcow2,Qcow2DiskImpl,424,266,55,11,101,60,45,14,12,14
Saffron,io.spicelabs.saffron.qcow2,Qcow2DiskImpl.Qcow2InputStream,59,54,5,1,12,12,6,2,3,2
Saffron,io.spicelabs.saffron.container,ContainerFormat,3,97,0,0,1,16,1,3,1,3
Saffron,io.spicelabs.saffron.container,BinaryContainer,0,1,0,0,0,1,0,1,0,1
Saffron,io.spicelabs.saffron.container,BinaryContainerFileSystemImpl.RootDirectory,14,22,0,0,7,3,7,3,7,3
Saffron,io.spicelabs.saffron.container,BinaryContainerMount,65,162,15,18,25,48,15,22,0,10
Saffron,io.spicelabs.saffron.container,ContainerDetector,34,763,21,123,13,186,19,74,0,21
Saffron,io.spicelabs.saffron.container,BinaryContainerFileSystemImpl,38,81,6,2,10,19,8,11,4,11
Saffron,io.spicelabs.saffron.container,BinaryContainerFileSystemImpl.FileEntry,23,40,1,1,7,10,6,5,5,5
Saffron,io.spicelabs.saffron.io,ChunkedDisk.new InputStream() {...},2,101,1,5,0,18,1,5,0,3
Saffron,io.spicelabs.saffron.io,SafeMath,55,183,14,24,13,35,16,22,5,14
Saffron,io.spicelabs.saffron.io,BoundedInputStream,71,253,16,28,23,58,15,21,3,11
Saffron,io.spicelabs.saffron.io,BinaryReader,105,469,11,19,19,66,12,25,4,18
Saffron,io.spicelabs.saffron.io,RegionInputStream,26,134,5,13,9,33,9,9,4,5
Saffron,io.spicelabs.saffron.io,ChunkedDisk,42,403,11,27,5,77,11,23,1,14
Saffron,io.spicelabs.saffron.io,LruCache,1,148,2,18,1,35,2,17,0,9
Saffron,io.spicelabs.saffron.vmdk,VmdkDiskImpl,298,823,63,79,59,203,58,38,9,16
Saffron,io.spicelabs.saffron.vmdk,VmdkDiskImpl.VmdkInputStream,61,56,6,2,13,13,7,2,3,2
Saffron,io.spicelabs.saffron.container.dtb,DtbEntry,15,80,2,4,3,23,3,6,1,5
Saffron,io.spicelabs.saffron.container.dtb,DtbContainer,177,368,28,32,51,73,32,19,9,12
Saffron,io.spicelabs.saffron.container.android,AndroidBootContainer.AndroidBootEntry,12,42,2,2,2,12,2,5,0,5
Saffron,io.spicelabs.saffron.container.android,AndroidBootContainerFactory,4,115,9,23,0,22,8,12,0,4
Saffron,io.spicelabs.saffron.container.android,AndroidBootContainer,190,692,46,74,37,122,40,42,2,20
Saffron,io.spicelabs.saffron.container.android,AndroidBootContainer.Header,0,60,0,0,0,1,0,1,0,1
Saffron,io.spicelabs.saffron.qcow2.cluster,ClusterReader.ClusterMapping.Compressed,3,12,0,0,1,4,1,4,1,4
Saffron,io.spicelabs.saffron.qcow2.cluster,ClusterReader.ClusterMapping,2,12,0,0,1,3,1,3,1,3
Saffron,io.spicelabs.saffron.qcow2.cluster,ClusterReader.ClusterMapping.Zero,16,0,0,0,6,0,6,0,6,0
Saffron,io.spicelabs.saffron.qcow2.cluster,ClusterReader.ClusterMapping.Unallocated,4,12,0,0,2,4,2,4,2,4
Saffron,io.spicelabs.saffron.qcow2.cluster,ClusterReader.ClusterMapping.Allocated,0,15,0,0,0,5,0,5,0,5
Saffron,io.spicelabs.saffron.qcow2.cluster,ClusterReader,185,656,38,62,39,150,34,26,0,10
Saffron,io.spicelabs.saffron.vmdk.descriptor,VmdkDescriptor.Extent,5,18,0,0,1,1,1,1,1,1
Saffron,io.spicelabs.saffron.vmdk.descriptor,VmdkDescriptor.ExtentType,0,51,0,0,0,9,0,1,0,1
Saffron,io.spicelabs.saffron.vmdk.descriptor,VmdkDescriptor,11,332,6,36,4,75,6,25,0,10
Saffron,io.spicelabs.saffron.vmdk.descriptor,VmdkDescriptor.AccessMode,0,21,0,0,0,4,0,1,0,1
Saffron,io.spicelabs.saffron.vmdk.descriptor,VmdkDescriptor.Geometry,0,12,0,0,0,1,0,1,0,1
Saffron,io.spicelabs.saffron.filesystem.yaffs2,Yaffs2FileSystemImpl.Yaffs2Symlink,84,31,9,1,22,9,12,3,7,3
Saffron,io.spicelabs.saffron.filesystem.yaffs2,Yaffs2FileSystemImpl.ScanResult,0,15,0,0,0,6,0,1,0,1
Saffron,io.spicelabs.saffron.filesystem.yaffs2,Yaffs2FileSystemImpl.HardlinkEntry,28,20,0,0,7,7,7,3,7,3
Saffron,io.spicelabs.saffron.filesystem.yaffs2,Yaffs2FileSystemImpl.new InputStream() {...},40,242,12,16,6,35,12,5,1,2
Saffron,io.spicelabs.saffron.filesystem.yaffs2,Yaffs2Node,16,268,9,23,8,37,9,18,1,8
Saffron,io.spicelabs.saffron.filesystem.yaffs2,Yaffs2Superblock,13,303,10,44,3,58,8,25,0,6
Saffron,io.spicelabs.saffron.filesystem.yaffs2,Yaffs2Node.Tag,0,15,0,0,0,1,0,1,0,1
Saffron,io.spicelabs.saffron.filesystem.yaffs2,Yaffs2FileSystemImpl.Yaffs2SpecialFile,51,49,4,4,12,11,12,3,8,3
Saffron,io.spicelabs.saffron.filesystem.yaffs2,Yaffs2Node.Header,0,39,0,0,0,1,0,1,0,1
Saffron,io.spicelabs.saffron.filesystem.yaffs2,Yaffs2FileSystemImpl.Yaffs2Directory,21,151,2,12,6,24,8,10,6,5
Saffron,io.spicelabs.saffron.filesystem.yaffs2,Yaffs2FileSystemImpl,323,920,65,75,73,160,60,49,10,27
Saffron,io.spicelabs.saffron.filesystem.yaffs2,Yaffs2FileSystemImpl.Yaffs2RegularFile,41,70,2,4,9,18,9,4,7,3
Saffron,io.spicelabs.saffron.filesystem.ntfs,NtfsFileSystemImpl.NtfsSymlink,126,0,12,0,30,0,17,0,11,0
Saffron,io.spicelabs.saffron.filesystem.ntfs,NtfsBootSector,15,250,6,18,3,38,6,16,1,9
Saffron,io.spicelabs.saffron.filesystem.ntfs,NtfsAttribute,52,615,32,61,19,104,31,31,0,10
Saffron,io.spicelabs.saffron.filesystem.ntfs,NtfsAttribute.FileName,0,134,2,2,0,19,2,2,0,2
Saffron,io.spicelabs.saffron.filesystem.ntfs,NtfsFileSystemImpl.NtfsFile,87,44,9,1,20,12,9,7,4,7
Saffron,io.spicelabs.saffron.filesystem.ntfs,NtfsAttribute.StandardInformation,0,58,0,0,0,9,0,2,0,2
Saffron,io.spicelabs.saffron.filesystem.ntfs,NtfsFileSystemImpl,696,1222,112,118,151,252,89,64,8,30
Saffron,io.spicelabs.saffron.filesystem.ntfs,NtfsAttribute.DataRun,0,12,0,0,0,1,0,1,0,1
Saffron,io.spicelabs.saffron.filesystem.ntfs,NtfsFileSystemImpl.NtfsDirectory,18,62,0,0,5,15,5,8,5,8
Saffron,io.spicelabs.saffron.filesystem.ntfs,NtfsAttribute.IndexEntry,1,29,1,3,0,3,1,4,0,3
Saffron,io.spicelabs.saffron.filesystem.ntfs,MftRecord,72,408,14,38,21,71,26,28,12,16
Saffron,io.spicelabs.saffron.filesystem.ntfs,NtfsFileSystemImpl.DirectoryIterator,0,17,0,0,0,5,0,3,0,3
Saffron,io.spicelabs.saffron.filesystem.ntfs,NtfsAttribute.IndexRoot,0,75,0,0,0,12,0,2,0,2
Saffron,io.spicelabs.saffron.filesystem.ntfs,NtfsLznt1Decompressor,249,0,42,0,50,0,23,0,2,0
Saffron,io.spicelabs.saffron.container.wim,WimContainer,123,342,30,16,37,60,29,12,7,11
Saffron,io.spicelabs.saffron.container.wim,WimContainer.ParsedHeader,0,15,0,0,0,1,0,1,0,1
Saffron,io.spicelabs.saffron.container.wim,WimContainer.WimEntry,14,40,2,2,3,11,3,4,1,4
Saffron,io.spicelabs.saffron.ami,AmiDiskImpl,143,659,29,49,34,151,29,34,3,21
Saffron,io.spicelabs.saffron.filesystem.fat32,FatBootSector,70,408,12,26,12,67,14,20,2,9
Saffron,io.spicelabs.saffron.filesystem.fat32,FatDirectoryEntry,19,451,6,42,7,72,7,26,1,8
Saffron,io.spicelabs.saffron.filesystem.fat32,Fat32FileSystemImpl.DirectoryIterator,0,17,0,0,0,5,0,3,0,3
Saffron,io.spicelabs.saffron.filesystem.fat32,Fat32FileSystemImpl.FatDirectory,47,81,2,0,10,18,6,9,5,9
Saffron,io.spicelabs.saffron.filesystem.fat32,Fat32FileSystemImpl,117,1062,33,93,26,206,31,64,3,27
Saffron,io.spicelabs.saffron.filesystem.fat32,Fat32FileSystemImpl.FatRootDirectory,15,48,0,0,7,9,7,6,7,6
Saffron,io.spicelabs.saffron.filesystem.fat32,Fat32FileSystemImpl.FatFile,13,135,1,3,4,25,4,9,3,8
Saffron,io.spicelabs.saffron.filesystem.fat32,FatDirectoryEntry.LfnFragment,0,12,0,0,0,1,0,1,0,1
Saffron,io.spicelabs.saffron.lvm,LvmMetadata.Stripe,0,9,0,0,0,1,0,1,0,1
Saffron,io.spicelabs.saffron.lvm,DiskRegion,6,18,0,2,1,2,1,2,1,1
Saffron,io.spicelabs.saffron.lvm,LvmMetadata.PhysicalVolume,0,18,0,0,0,1,0,1,0,1
Saffron,io.spicelabs.saffron.lvm,LvmVolumeGroup,82,219,8,30,15,50,17,22,9,11
Saffron,io.spicelabs.saffron.lvm,LvmMetadata,87,512,21,35,29,126,23,20,2,13
Saffron,io.spicelabs.saffron.lvm,LogicalVolumeDisk,90,255,9,13,16,58,13,9,4,7
Saffron,io.spicelabs.saffron.lvm,LogicalVolumeDisk.SegmentMapping,0,12,0,0,0,1,0,1,0,1
Saffron,io.spicelabs.saffron.lvm,LvmLabel,7,195,6,16,3,49,7,7,1,2
Saffron,io.spicelabs.saffron.lvm,DiskRegion.new DiskRegion() {...},9,65,1,5,2,11,1,5,0,3
Saffron,io.spicelabs.saffron.lvm,LvmMetadata.Segment,0,15,0,0,0,1,0,1,0,1
Saffron,io.spicelabs.saffron.lvm,LvmMetadata.LogicalVolume,0,19,0,0,0,2,0,2,0,2
Saffron,io.spicelabs.saffron.filesystem.xfs,XfsExtent.BtreeBlockHeader,7,66,4,2,0,10,3,4,0,4
Saffron,io.spicelabs.saffron.filesystem.xfs,XfsExtent,116,87,10,4,18,14,7,4,1,3
Saffron,io.spicelabs.saffron.filesystem.xfs,XfsExtent.BtreeKey,6,0,0,0,1,0,1,0,1,0
Saffron,io.spicelabs.saffron.filesystem.xfs,XfsDirectoryEntry.LeafEntry,17,0,2,0,2,0,3,0,2,0
Saffron,io.spicelabs.saffron.filesystem.xfs,XfsFileSystemImpl.XfsRegularFile,73,43,1,1,12,12,5,6,4,6
Saffron,io.spicelabs.saffron.filesystem.xfs,XfsFileSystemImpl.XfsDirectory,63,191,2,22,12,36,6,17,4,7
Saffron,io.spicelabs.saffron.filesystem.xfs,XfsFileSystemImpl,404,996,74,78,84,189,66,46,10,26
Saffron,io.spicelabs.saffron.filesystem.xfs,XfsExtent.BtreeRoot,22,0,2,0,2,0,3,0,2,0
Saffron,io.spicelabs.saffron.filesystem.xfs,XfsDirectoryEntry.LeafBlock,9,0,0,0,1,0,1,0,1,0
Saffron,io.spicelabs.saffron.filesystem.xfs,XfsSuperblock,36,629,11,35,3,93,11,23,0,11
Saffron,io.spicelabs.saffron.filesystem.xfs,XfsFileSystemImpl.XfsSymbolicLink,91,78,4,8,17,20,10,7,6,5
Saffron,io.spicelabs.saffron.filesystem.xfs,XfsFileSystemImpl.XfsSpecialFile,154,12,20,0,31,5,20,1,10,1
Saffron,io.spicelabs.saffron.filesystem.xfs,XfsInode,54,376,16,18,7,53,16,15,5,9
Saffron,io.spicelabs.saffron.filesystem.xfs,XfsDirectoryEntry,130,370,30,38,29,78,26,14,1,5
Saffron,io.spicelabs.saffron.container.elf,ElfEntry,22,95,8,8,3,23,8,6,0,6
Saffron,io.spicelabs.saffron.container.elf,ElfHeader,96,917,26,106,31,151,35,75,11,33
Saffron,io.spicelabs.saffron.container.elf,ElfContainer,183,1166,81,118,71,235,85,72,4,30
Saffron,io.spicelabs.saffron.raw,RawDiskImpl,51,189,5,9,14,46,11,14,6,12
Saffron,io.spicelabs.saffron.gcp,GcpDiskImpl,71,214,8,8,21,54,14,11,7,10
Saffron,io.spicelabs.saffron.filesystem,ChunkedRegionStream.Segment,8,24,3,3,1,3,3,1,0,1
Saffron,io.spicelabs.saffron.filesystem,ChunkedRegionStream,10,270,2,20,1,56,2,14,1,4
Saffron,io.spicelabs.saffron.filesystem,FilesystemDetector,254,2843,45,223,55,594,41,133,1,39
Saffron,io.spicelabs.saffron.filesystem,FilesystemInfo,10,278,1,17,2,36,3,20,2,12
Saffron,io.spicelabs.saffron.adapter,ByteArrayInputStreamSource,105,37,9,5,15,11,12,2,5,2
Saffron,io.spicelabs.saffron.adapter,InputStreamSource,3,0,0,0,2,0,2,0,2,0
Saffron,io.spicelabs.saffron.adapter,FileInputStreamSource,29,48,2,4,9,11,6,4,4,3
Saffron,io.spicelabs.saffron.adapter,FileInputStreamSource.ChannelInputStream,24,46,1,1,5,12,4,4,3,4
Saffron,io.spicelabs.saffron.adapter,VirtualDiskInputStreamSource,33,49,5,5,6,14,6,5,1,5
Saffron,io.spicelabs.saffron.adapter,VirtualDiskInputStreamSource.VirtualDiskRegionInputStream,88,104,21,15,19,24,18,6,3,3
Saffron,io.spicelabs.saffron.vmdk.sparse,SparseExtentHeader,21,262,5,13,3,36,7,16,3,11
Saffron,io.spicelabs.saffron.exception,ChecksumException,0,25,0,0,0,8,0,4,0,4
Saffron,io.spicelabs.saffron.exception,SaffronException.InvalidDiskException,6,14,0,0,2,6,1,3,1,3
Saffron,io.spicelabs.saffron.exception,EncryptedDiskException,0,19,0,0,0,7,0,3,0,3
Saffron,io.spicelabs.saffron.exception,CorruptedDiskException,12,28,0,0,4,10,1,4,1,4
Saffron,io.spicelabs.saffron.exception,InvalidMagicException,0,47,0,4,0,8,0,6,0,4
Saffron,io.spicelabs.saffron.exception,ResourceLimitException,0,64,0,0,0,13,0,6,0,6
Saffron,io.spicelabs.saffron.exception,SaffronException,11,26,0,0,4,10,2,4,2,4
Saffron,io.spicelabs.saffron.exception,SaffronException.UnsupportedDiskException,11,9,0,0,4,4,2,2,2,2
Saffron,io.spicelabs.saffron.exception,UnsupportedVersionException,0,23,0,0,0,8,0,4,0,4
Saffron,io.spicelabs.saffron.vhdx.header,VhdxFileIdentifier,0,113,3,11,0,27,3,8,0,4
Saffron,io.spicelabs.saffron.vhdx.header,VhdxHeader,31,197,8,8,7,41,6,7,0,5
Saffron,io.spicelabs.saffron.vdi.header,VdiHeader,21,386,8,18,4,63,8,14,0,9
Saffron,io.spicelabs.saffron.vdi.header,VdiHeader.ImageType,0,80,0,4,0,15,0,7,0,5
Saffron,io.spicelabs.saffron.filesystem.jffs2,Jffs2FileSystemImpl.Jffs2Directory,24,137,0,12,5,23,5,11,5,5
Saffron,io.spicelabs.saffron.filesystem.jffs2,Jffs2FileSystemImpl.new InputStream() {...},36,156,7,9,7,28,7,4,1,2
Saffron,io.spicelabs.saffron.filesystem.jffs2,Jffs2FileSystemImpl.Jffs2RegularFile,44,27,2,0,7,8,7,4,6,4
Saffron,io.spicelabs.saffron.filesystem.jffs2,Jffs2FileSystemImpl,411,1226,90,115,99,257,83,63,10,27
Saffron,io.spicelabs.saffron.filesystem.jffs2,Jffs2Node,20,52,4,8,4,9,3,6,1,2
Saffron,io.spicelabs.saffron.filesystem.jffs2,Jffs2FileSystemImpl.ScanResult,0,21,0,0,0,1,0,1,0,1
Saffron,io.spicelabs.saffron.filesystem.jffs2,Jffs2Node.InodeFragment,0,24,0,0,0,1,0,1,0,1
Saffron,io.spicelabs.saffron.filesystem.jffs2,Jffs2Superblock,2,98,2,10,1,22,2,7,0,3
Saffron,io.spicelabs.saffron.filesystem.jffs2,Jffs2FileSystemImpl.Jffs2SpecialFile,174,21,10,0,31,7,18,2,12,2
Saffron,io.spicelabs.saffron.filesystem.jffs2,Jffs2FileSystemImpl.Jffs2Symlink,41,61,5,3,7,17,9,5,5,5
Saffron,io.spicelabs.saffron.filesystem.jffs2,Jffs2Node.Dirent,0,18,0,0,0,1,0,1,0,1
Saffron,io.spicelabs.saffron.filesystem.jffs2,Jffs2Node.InodeMeta,0,24,0,0,0,1,0,1,0,1
Saffron,io.spicelabs.saffron.filesystem.exfat,ExFatFileSystemImpl.DirectoryIterator,0,17,0,0,0,5,0,3,0,3
Saffron,io.spicelabs.saffron.filesystem.exfat,ExFatFileSystemImpl.ExFatDirectory,74,56,2,0,14,14,9,5,8,5
Saffron,io.spicelabs.saffron.filesystem.exfat,ExFatBootSector,70,309,11,15,9,48,11,17,3,12
Saffron,io.spicelabs.saffron.filesystem.exfat,ExFatFileSystemImpl,283,592,49,35,60,123,39,31,4,24
Saffron,io.spicelabs.saffron.filesystem.exfat,ExFatDirectoryEntry,153,421,28,28,30,82,25,12,3,6
Saffron,io.spicelabs.saffron.filesystem.exfat,ExFatFileSystemImpl.ExFatFile,104,83,7,3,18,16,10,6,5,6
Saffron,io.spicelabs.saffron.container.dmg,DmgContainer.ParsedFooter,0,12,0,0,0,1,0,1,0,1
Saffron,io.spicelabs.saffron.container.dmg,DmgContainer,143,376,28,26,41,70,33,14,8,12
Saffron,io.spicelabs.saffron.container.dmg,DmgContainer.DmgEntry,14,40,2,2,3,11,3,4,1,4
Saffron,io.spicelabs.saffron.vhdx,VhdxDiskImpl.VhdxInputStream,117,0,8,0,26,0,9,0,5,0
Saffron,io.spicelabs.saffron.vhdx,VhdxDiskImpl,286,699,38,64,60,172,49,30,15,13
Saffron,io.spicelabs.saffron.container.devicetree,DeviceTreeProperty,7,53,1,3,2,14,3,5,2,4
Saffron,io.spicelabs.saffron.container.devicetree,DeviceTreeNode,0,58,0,0,0,14,0,8,0,8
Saffron,io.spicelabs.saffron.container.devicetree,DeviceTreeBlob,105,801,57,95,48,200,56,40,1,15
Saffron,io.spicelabs.saffron.common,UnicodeSecurityUtils,15,309,20,74,2,58,17,43,0,13
Saffron,io.spicelabs.saffron.common,ByteUtils,167,412,23,13,21,28,22,11,6,9
Saffron,io.spicelabs.saffron.common,SecurityUtils,52,385,18,56,11,63,16,30,0,9
Saffron,io.spicelabs.saffron.common,PathSecurity,123,166,41,41,31,28,32,15,2,4
Saffron,io.spicelabs.saffron.vhd,VhdDiskImpl,111,536,19,43,25,122,24,31,7,17
Saffron,io.spicelabs.saffron.vhd,VhdDiskImpl.VhdInputStream,39,78,4,4,8,18,5,4,2,3
Saffron,io.spicelabs.saffron.filesystem.btrfs,BtrfsInode,82,144,14,0,9,24,16,3,9,3
Saffron,io.spicelabs.saffron.filesystem.btrfs,BtrfsTreeReader.LeafItem,0,12,0,0,0,1,0,1,0,1
Saffron,io.spicelabs.saffron.filesystem.btrfs,BtrfsFileSystemImpl.BtrfsSymlink,163,42,13,1,40,11,17,3,10,3
Saffron,io.spicelabs.saffron.filesystem.btrfs,BtrfsKey,85,34,20,0,23,6,20,2,3,2
Saffron,io.spicelabs.saffron.filesystem.btrfs,BtrfsTreeReader.NodeHeader,0,37,0,2,0,2,0,3,0,2
Saffron,io.spicelabs.saffron.filesystem.btrfs,BtrfsFileSystemImpl.BtrfsDirectory,119,155,5,12,28,28,11,12,7,6
Saffron,io.spicelabs.saffron.filesystem.btrfs,BtrfsFileSystemImpl.TreeObjectKey,0,9,0,0,0,1,0,1,0,1
Saffron,io.spicelabs.saffron.filesystem.btrfs,BtrfsFileSystemImpl.BtrfsLogicalStream,23,136,5,7,5,28,5,6,1,4
Saffron,io.spicelabs.saffron.filesystem.btrfs,BtrfsChunkTree,24,278,6,18,7,61,8,11,2,5
Saffron,io.spicelabs.saffron.filesystem.btrfs,BtrfsChunkTree.Stripe,0,9,0,0,0,1,0,1,0,1
Saffron,io.spicelabs.saffron.filesystem.btrfs,BtrfsTreeReader.KeyPtr,0,12,0,0,0,1,0,1,0,1
Saffron,io.spicelabs.saffron.filesystem.btrfs,BtrfsSuperblock,226,350,10,14,17,57,12,6,3,3
Saffron,io.spicelabs.saffron.filesystem.btrfs,BtrfsFileSystemImpl.ZeroInputStream,59,0,4,0,14,0,6,0,4,0
Saffron,io.spicelabs.saffron.filesystem.btrfs,BtrfsFileSystemImpl,525,822,76,68,122,174,71,43,16,25
Saffron,io.spicelabs.saffron.filesystem.btrfs,BtrfsDirectoryEntry,49,76,16,0,14,13,16,3,4,3
Saffron,io.spicelabs.saffron.filesystem.btrfs,BtrfsChunkTree.Chunk,0,21,0,0,0,1,0,1,0,1
Saffron,io.spicelabs.saffron.filesystem.btrfs,BtrfsFileSystemImpl.BtrfsSpecialFile,169,0,9,0,46,0,18,0,12,0
Saffron,io.spicelabs.saffron.filesystem.btrfs,BtrfsTreeReader.SearchResult,0,12,0,0,0,1,0,1,0,1
Saffron,io.spicelabs.saffron.filesystem.btrfs,BtrfsFileSystemImpl.BtrfsRegularFile,107,61,3,3,27,12,9,6,7,5
Saffron,io.spicelabs.saffron.filesystem.btrfs,BtrfsFileSystemImpl.BtrfsFileInputStream,85,331,15,35,16,67,14,18,1,6
Saffron,io.spicelabs.saffron.filesystem.btrfs,BtrfsTreeReader,198,487,37,41,37,101,29,24,3,11
Saffron,io.spicelabs.saffron.filesystem.btrfs,BtrfsExtentData,35,141,10,7,8,21,9,7,2,4
Saffron,io.spicelabs.saffron,VirtualDisk.Snapshot,0,18,0,0,0,1,0,1,0,1
Saffron,io.spicelabs.saffron,DiskFormat.Family,0,45,0,0,0,8,0,1,0,1
Saffron,io.spicelabs.saffron,SaffronProbe.PrefixRegion,10,41,3,3,1,8,3,3,0,3
Saffron,io.spicelabs.saffron,SecurityPolicy.Builder,30,67,0,0,12,17,6,5,6,5
Saffron,io.spicelabs.saffron,SaffronProbe.Result,0,12,0,0,0,2,0,2,0,2
Saffron,io.spicelabs.saffron,BlockDevice,8,0,0,0,3,0,3,0,3,0
Saffron,io.spicelabs.saffron,SaffronProbe.Kind,0,201,0,0,0,13,0,1,0,1
Saffron,io.spicelabs.saffron,SecurityPolicy,43,65,6,6,7,10,7,3,1,3
Saffron,io.spicelabs.saffron,DiskReader,59,116,13,15,12,31,10,23,2,14
Saffron,io.spicelabs.saffron,DiskFormat,11,455,18,71,5,76,18,38,0,9
Saffron,io.spicelabs.saffron,SaffronProbe,24,460,27,99,14,100,27,56,0,9
Saffron,io.spicelabs.saffron.container.fit,FitEntry,0,32,0,0,0,9,0,5,0,5
Saffron,io.spicelabs.saffron.container.fit,FitContainer,65,269,11,33,17,59,15,21,4,10
Saffron,io.spicelabs.saffron.container.linuxkernel,LinuxKernelContainer.SlicedEntry,16,26,0,0,4,7,2,3,2,3
Saffron,io.spicelabs.saffron.container.linuxkernel,LinuxKernelContainer.CountingInputStream,14,43,2,2,3,13,3,4,1,4
Saffron,io.spicelabs.saffron.container.linuxkernel,LinuxKernelContainer.KernelPayloadEntry,12,24,0,0,3,4,1,4,1,4
Saffron,io.spicelabs.saffron.container.linuxkernel,LinuxKernelContainerFactory.KernelType,0,39,0,0,0,2,0,1,0,1
Saffron,io.spicelabs.saffron.container.linuxkernel,LinuxKernelContainer.BytesEntry,17,20,0,0,4,6,2,3,2,3
Saffron,io.spicelabs.saffron.container.linuxkernel,KernelDecompressor,74,701,23,64,17,129,23,40,0,16
Saffron,io.spicelabs.saffron.container.linuxkernel,LinuxKernelContainer,368,1200,74,133,90,227,64,89,6,40
Saffron,io.spicelabs.saffron.container.linuxkernel,KernelDecompressor.CompressionType,12,63,6,2,6,5,6,3,0,2
Saffron,io.spicelabs.saffron.container.linuxkernel,LinuxKernelContainerFactory,23,217,19,33,6,34,19,12,1,4
Saffron,io.spicelabs.saffron.vdi,VdiDiskImpl,98,476,23,33,18,107,22,26,4,16
Saffron,io.spicelabs.saffron.vdi,VdiDiskImpl.VdiInputStream,61,56,6,2,13,13,7,2,3,2
Saffron,io.spicelabs.saffron.vhd.dynamic,VhdDynamicHeader,26,156,6,6,4,34,6,6,0,6
